Summary Length, n-gram, lambda, score
80,4,1.0,0.3989166014611876,0.15835324687532806,0.20662338944076822
80,5,1.0,0.40113576422070996,0.16029575113841463,0.20862048224864238
